url,type
http://centralcalaztecs.org,phishing
http://www.21pilots.com/calendar,benign
http://teflrecruits.com,phishing
http://www.heritagesignsfl.com,benign
http://comnetng.com,phishing
http://r.shakesmobi.com,mal
http://ldpdambovita.ro,benign
http://monclerjackeoutlet.com,phishing
http://nanko.iinaa.net/port-town,benign
http://utilmall.com/bbs/ad_90/nuiiq.exe,mal
http://exterion.nl,benign
http://aerotransfer.cl,mal
http://amazonprimevideogratis.com,phishing
http://besv.jp,benign
http://www.inassjo.se/klockmaster,benign
https://cleversomeday.files.wordpress.com/2013/03/cutvscutedge1.pdf,benign
http://www.inrgref.agrinet.tn/fr,benign
http://labl.teriin.org/about.php,benign
http://yd423.com,phishing
http://churchangel.ca,phishing
http://www.billstratford.com,benign
http://www.amberisic611.4dq.com/monitor/images/smartnav141216.64.gif,mal
http://njzhigaokt.com/08yhrf3,mal
http://en.cpanel.co.th,phishing
http://mefgtksbuni.limitcashslump.ru/data_get_params,mal
https://unberechenbarkeit.wordpress.com/2011/06/01/thomas-leithauser,benign
http://ww1.gvaq70s7he.ru,mal
http://udink.org/2014/08/11/hell-roaring-canyon,benign
http://www.racetam.org,benign
https://chambrehotealbi.wordpress.com,benign
http://www.colonialtransit.com,benign
http://sincere-jp.jugem.jp,benign
http://www.padstowinn.com.au/home,benign
http://officialhoneybadger.weebly.com/trophic-pyramid--food-web-of-africa.html,benign
http://update.gplay.ro/gplay.exe,mal
http://www.excelgrow.co.za,benign
http://details.squirly.info,mal
http://prongai.com/yr387n3,mal
http://srasjo.com,phishing
http://www.methode-de-lecture.com/methode-boscher-la-journee-des-tout-petits,benign
http://www.spisestedet-mosen.dk/kontakt.aspx,benign
http://a0c7fe61a154.net,mal
http://www.nextstepaustralia.com.au,benign
http://miyabi-tatami.lolipop.jp/dealings/index.html,benign
http://grandinsurancebrokers.com,phishing
https://www.christopherpoindexter.org,benign
http://www.altosdelvalle.net,benign
https://www.print-idee.de,benign
https://www.menuiserie-charpente-csta.fr,benign
http://proserialkey.com,mal
http://asrcargo.ru/yr387n3,mal
https://leblogduzebre.wordpress.com/2011/01/31/cahier-dautonomie-pour-les-gs-2e-opus,benign
http://the-extension.com,mal
http://www.furuya-prince.com,benign
http://www.meyersimports.com,benign
http://copercana.com.br/50anos/_images/mam/documento-10984-0029-2015.docx_.rar,mal
http://zonematrix.co.cc,mal
http://iywrmdptxofj.space,mal
http://ww92.levelstate.xyz,mal
http://www.metis-ac.jp/higashioomiya,benign
https://cuev.in,mal
http://www.1pure.jp/category/1264622.html,benign
https://script.google.com/macros/s/akfycbwzhcgg5escipup_mnxdbsx7k7ybmexwenovn1bwxhmybpb8ng/exec,mal
http://jamnsalsa.net,phishing
http://www.contrivedzh.top,mal
http://ggoz.top,mal
http://www.aaasdi.com,benign
http://3b6281f4fe54.net,mal
http://chesmarketinggroupllc.com/gocoastal.html,benign
http://secondlive.gv.vg,mal
http://fundorphans.org,phishing
https://theatre62.wordpress.com,benign
http://vnstec.com,phishing
http://stjamesbusinessgroup.com,phishing
http://staff.royalbcmuseum.bc.ca,benign
http://www.chemplast.pl/tag/plyty-cd,benign
http://3fc97e44f554.net,mal
http://sumc-harusekiryou.org,benign
http://www.pr-rent.be/2/osc/catalog/index.php,benign
http://alibababaa.com,mal
http://canon-its.jp/supp/eset/doc/efsl_goriyo.pdf,benign
https://psiconcurseira.wordpress.com/2016/07/26/resenha-2-livro-legislacao-do-sus-450-questoes-comentadas-prof-romulo-passos,benign
http://c2c.ulterius.net/c2c/2ae74109f170bde6a643f2080d0b7850/call,phishing
http://www.loupeacara.net,mal
http://download.windowsupdate.itsaol.com,mal
http://bbs.ccdog.net/pictures/jpg_140430.24.jpg,mal
http://globall.be,phishing
http://memorialanistia.org.br/hemeroteca-digital-brasileira,benign
http://georgewashingtoncoaching.com/3mistakes.htm,benign
http://picketer.xyz,phishing
http://koreaserver.kr/config/dreamconf/serverlist.asp,mal
http://ccdollar.linkpc.net,mal
https://llk.github.io/scratch-gui,benign
http://www.cascina-tiole.com/gb/index_gb.html,benign
http://aceplusactivation.com,phishing
http://paycards.xyz,phishing
http://www.charliebatteryoletimers.com/unit-history.html,benign
http://stsgroupbd.com/aug/ee/secure/cmd-login=9f3885a038f82d43730038c8d9043a43,phishing
http://tnzldjfolptnmm.limitcashslump.ru/data_get_params,mal
https://friendlystorewyo.com,phishing
http://www.maniarse.it,benign
http://mgmglass.co.uk,benign
http://capoeiranagomiami.com,benign
http://sandra-modelando.blogspot.com,phishing
http://www.charlottesewingstudio.com,benign
https://dfc.ua.es/va,benign
https://prc.highmark.com/opacaq/faces/opacaq/pages/address/addressdetail.jsp,benign
http://www.hertelendy.com,benign
http://www.narchitektura.pl/strona,benign
http://as26web.com,benign
http://www.hundefuehrschein.com/pdf/fragenkatalog-hundefuehrschein-wien.pdf,benign
http://delifile.link,mal
http://nmlkrutebgpk.info,mal
http://www.experimentaloikos.com/xqx9nzroeg,mal
http://www.nipperaircraft.co.uk/about.htm,benign
http://www.tierarztpraxis-renninger.de/index.html,benign
http://psdha.ir/ogka1jiz,mal
https://www.biohofladen-querbeet.de,benign
http://www.ambceramiche.com/prodotti/stufe-pietra-ollare-finlandese,benign
http://robotdepot.info,mal
http://collegedefense.com/gdoc/gdoc/filewords,phishing
http://thienyhotel.vn/api/get.php,mal
http://rsahosting.com/quudvvjxe,mal
https://miltonsteelers.teamapp.com,benign
http://mobilesawmillnj.com,benign
http://www.techmen.cl,phishing
http://www.naitoaa.co.jp/090701/works/top/top.html,benign
https://therapyzen.com,benign
http://tecnomundo.uy/a8rnlgzv,mal
http://www.rathmannsdorf.eu,benign
http://azure-service.com,mal
http://easternsunfun.com,phishing
https://www.glaciercyclery.com,benign
http://www.arboldevida.org,benign
http://www.kidforte.com,benign
http://loveandlight.aws3.net/wp-includes/theme-compat/akismet.php,mal
http://395914ab4d54.net,mal
http://softologicsb.com/download/$nu07v5lsivpljrct,mal
http://omiconsulting.com/personal/css/5478293.zip,mal
http://jkj13kfhk2j42fo17h2deh3lk3hkl4gk.com,mal
http://dssfvduuyyxh.space,mal
http://www.drouguetsoudage.be/fr,benign
http://www.ekusoft.sk/files/ekusoft_aktualizacia.exe,mal
http://getmoneyonline.altervista.org/joomla/le-guide/59-altri-metodi-di-guadagno/138-guida-di-paid2youtube.html,benign
http://rence.backstageteeshirts.com/qen5sy/6hjyrw79zr2zokq1t4dpl276ta8h8-/3sf9jlfcu0v7daixie_do6zb843/z7,mal
http://www.pulseparts.com/pulseparts_list.html,benign
http://www.qualityroofingaz.com,benign
http://aaavaa.com,phishing
http://10klass.weebly.com/uploads/1/4/6/0/1460270/ratsionaalarvud.pdf,benign
https://blog.flickfusion.com,benign
http://25e6460daf54.net,mal
https://elsuenofrustrado.wordpress.com/acerca-de,benign
http://www.vertigoshow.com/en-contortion_show.html,benign
http://hbdggshd.com/uploadfile/@testfile/pyjj.exe,mal
https://oscartenreiro.com/2009/03/30/contrarios-y-complementarios,benign
http://www.thebibleistheotherside.org/currentarticlep24.htm,benign
https://tradingmyperfectimperfections.wordpress.com/2016/08/31/help-im-not-qualified-for-any-job,benign
http://chelseacabinsnyc.com,phishing
http://www.cleanex.de/wascherei/wascherei-preisliste,benign
http://maurio.com.au/hfvg623,mal
http://site.daftgadgets.com/blog1/redcat-racing-tips-adjust-front-wheel-alignment-remote-control-car,benign
http://www.bluesharktransport.ca,benign
http://peterlewin.net,benign
http://osdsoft.com/favicon.ico,mal
https://www.cvvshop.lv,mal
http://hamiltion.catholicmmb.com,mal
http://www.bannered.4dq.com/monitor/images/smarp140102.24.gif,mal
http://www.ebusiness-articles.com/clja9ztg0,mal
http://www.festungskeller.de/festungskeller/special-events,benign
http://windowsupdate.dns05.com,mal
http://bbs.ccdog.net/pictures/lclc_0523.24.jpg,mal
http://www.performancerentals.us/cars.cfm,benign
http://fabriquekorea.com/1f3mauxvzb,mal
http://qqbwwgpyvutg.space,mal
http://www.cfala.org/i4a/pages/index.cfm,benign
http://monowheels.ru/2nbknagte9,mal
http://yassa.co.jp,benign
http://72b117bdedd4.com,mal
http://www.cake-masters.com,benign
http://jwdn.net/aff75269dy_281_5414.exe,mal
http://22fb29ec1d54.net,mal
http://www.okcfunzone.com/rentals,benign
http://xn--k1affefe.xn--p1ai/8wzzjk24u,mal
http://blakelee.com,phishing
http://radoslawspiewak.net/2006-3p.htm,benign
http://www.lasallecucuta.edu.co/corex.html,benign
http://naish.ru/ru/team/detail.php,mal
http://whitelibrary.4irc.com,mal
http://liquyy.com,phishing
http://snoow.ddns.net,mal
https://www.ateitis.org,benign
http://www.daeyoungcorp.com,benign
http://hrbevxkedckk.org,mal
http://www.northniastourism.com/where-to-stay/gunung-sitoli,benign
http://thestartupventure.com,benign
https://donaldsonrun.swimtopia.com,benign
http://civicleagueyouth.com,mal
http://www.seniorsguidetocomputers.com/basics.asp,benign
https://generalmillscompetitorslqs.wordpress.com,benign
https://ebay-global.publicvm.com,mal
http://5gdatanetworks.com,phishing
http://melodina.de/wp-content/uploads/2014/11/liedertext_rommel-bommel.pdf,benign
http://oostenbrug.nl,benign
https://jeffhora.com/2015/07/27/do-you-know-the-lie-of-comfortable-with-ambiguity,benign
http://m.trinitybrickoven.com/menu.php,benign
http://www.lasbrisasibiza.com/de,benign
http://file-7.ru,mal
http://batux.com.br,mal
http://rpxptsbruxwb.pw,mal
http://eastdent.com,benign
http://jwdn.net/aff69190dy_281_5414.exe,mal
http://www.citwings.com/examples.html,benign
http://anat.cell.med.kyoto-u.ac.jp/history.html,benign
http://labo.s164.xrea.com/apache/apache14.html,benign
http://www.soverdugodt.dk/ny-dundyne-skal-jeg-vaelge-and-eller-gas,benign
http://fashionstyles.info,phishing
http://masterhat.ddns.net,mal
http://www.cfpack.com,benign
http://www.scottsdaleanimalhealthcare.com,benign
http://kkcmcobihcbe.pw,mal
http://mercimomo.seesaa.net,benign
http://www.yhdc.com.cn,benign
http://www.immobilienregional-online.de,benign
https://scorpion.poulsenv.com,mal
http://www.memosigla.su,mal
http://sarahtame.at,mal
https://ashampoo-burning-studio-free.it.softonic.com,benign
http://www.onyxaccounting.co.uk,benign
http://qmvbsskvylsy.space,mal
http://vemulawadayatra.com,benign
http://thpthuynhthuckhang.edu.vn,phishing
http://www.sportmedic.cz,benign
http://sesusihyt.com/1016000113,mal
http://carcolors.effers.com,mal
http://gztws.com.cn,phishing
https://spectrumorchestra.org,benign
http://tyfastener.com/yr387n3,mal
http://www.pluvious.com,benign
http://910833.com,phishing
http://www.bladraken.se/sv/var-forskola/personal.htm,benign
http://www.cantorinewyork.com,benign
http://yandex-rusvest.com,mal
http://legendelenemirei.com,benign
http://www.direcline.com/es/htm/soluciones/dl-trans.htm,benign
http://g-s.cool/ver532.php,mal
http://mosimonoanata-1.bbs.fc2.com,benign
https://utorrent-portable.tr.uptodown.com/windows,benign
http://jwdn.net/aff52717dy_281_5414.exe,mal
https://zblesk.net/blog/how-to-create-a-wcf-web-service-from-a-wsdl,benign
http://roi777.com,mal
http://pullinfo.info/q,mal
http://www.massagebytonyalmt.com,benign
http://ssstpc.usa.cc,mal
http://calaqualabs.com/blackearthpremium,benign
https://micrrosoft.net,mal
http://goldenapplekidz.com,phishing
http://www.bansengumi.jp,benign
https://jerryfrenchflyfishing.com,benign
http://zebra.unhamj.com,mal
http://www.kidszonetamworth.com.au,phishing
http://www.sweets-ya.com,benign
http://newhopenation.org,phishing
http://salestips.biz/tips/%E6%A5%BD%E5%A4%A9item-csv%E3%81%A7%E3%82%A8%E3%83%A9%E3%83%BC%E3%81%8C%E5%87%BA%E3%82%8B%E6%99%82%E3%81%AE%E5%AF%BE%E5%87%A6%E6%B3%95,benign
http://area-online.com,phishing
http://kksnnvmpunuu.space,mal
http://www.schulenburgrvpark.com,mal
https://www.repairsi.com,benign
https://www.trockenbau-pritzwalk.de,benign
https://radiotaranemonline.blogspot.com,benign
http://expansivetech.com,phishing
http://michaelharrowcpa.com,phishing
http://f653928be854.net,mal
http://www.paint-armadale.websyte.com.au,benign
http://wudiai.com/mc3hnwd,mal
http://ws.osenilo.com/bcnv8324,mal
http://licenselive.com,mal
http://www.clubdeplage-saintjeandemonts.com,benign
http://www.hc7878256.com.tw,benign
http://syedtradingco.com/74t3nf4gv4,mal
https://perypetie-informacji.panoptykon.org,benign
http://www.bannered.4dq.com/moitor/images/smartnav0120.64.gif,mal
https://krados23.ru,mal
http://coopsroadservice.com,benign
http://www.omiconsulting.com/personal/css/5478293.zip,mal
http://touristrestaurant.com,phishing
http://www.socram.com.ar,benign
https://www.ape-corsier.ch,benign
http://tiomadara666.duckdns.org,mal
http://organizedfamilies.com/154/memo-to-me,benign
http://ms-octopus.jp/novelty,benign
http://photos-ddehem.com/hb74,mal
http://facec98e1754.net,mal
http://haxcracks.blogspot.com,mal
http://abaaa.cc,phishing
http://www.lnrg.ch/pipa,benign
http://try.inregister.com/advertising,benign
http://englishwithsharktopus.weebly.com,benign
http://mycrackworld.com,mal
http://bengoforth.com,phishing
http://www.pavilionelthamcrematorium.co.uk,benign
http://obcbaptist.org/clientimages/44291/sundayschool/sunday%20school%20leader%20job%20descriptions%202012%20-%202013.pdf,benign
http://laprofesora.nl,benign
http://alternatifklinik.com,phishing
http://legendarypix.com,phishing
https://mmjordahl.com/2013/04/26/descriptive-vs-prescriptive-grammar,benign
https://writersblock.live,phishing
http://techpack.duckdns.org,mal
https://thenflexperience.com,phishing
https://www.giftpro.co.uk/contact,benign
https://foottraffiklb.com,benign
http://aplock.net,phishing
http://floreano.com,phishing
http://posjj.xyz,mal
http://trostad.com,benign
http://trusteddomains.co.cc,mal
https://deutschlernendlv.wordpress.com/wortschatz-lernen,benign
http://webmail.amcoexpress.com,phishing
http://google-statik.pw/xctytp-,mal
http://www.jybelinda.com,phishing
http://wine2watch.org,phishing
https://midoritei.wordpress.com,benign
http://megrelis-avocat.com/counter,mal
https://bbs.ccs.cz,benign
https://bakerville.biblionix.com/catalog,benign
http://www.davidshilling.com/gertrudes.html,benign
http://dayabay.ihep.ac.cn/e/geant4/opticalphoton,benign
http://pailandshovel.com.ph,phishing
https://laktation.wordpress.com,benign
http://vaporbx.com,phishing
https://www.gunusermanuals.com,benign
http://www.zielkekerstin-fotografie.de,benign
http://mobishopi.chips.jp/smaphokihon/tuwakirikata.html,benign
http://sipho.es/yr387n3,mal
http://www.weather.bm/forecastpublicextended.asp,benign
http://op.gfz-potsdam.de/champ,benign
http://www.majorleaguesecurity.com/zxc678,mal
http://www.littletuscany.co.za/contact-us,benign
http://emslivelink.com/pdf/emt_handout_2016.pdf,benign
http://groups.us.to,mal
http://490aa2c66854.net,mal
https://www.tipucrack.com,mal
http://keiainosato-imajyuku.jp,benign
http://pmgfswfcdsst.space,mal
http://www.trippi.fi/m_fi/m_taksa.shtml,benign
http://kawamura-jushi.co.jp,benign
http://pietroconfalonieri.com/08yhrf3,mal
http://www.bond.co.jp/bond/reinforce,benign
http://ichiziku.com,phishing
http://trojan2017.duckdns.org,mal
http://enoggera-qld.street-map.net.au,benign
http://www.lemmi.it,benign
https://shops.nuernbergmesse.de/nuem/aussteller/d/agb.htm,benign
http://macococosmetics.com/webservices/user,phishing
http://sticks-vk.ru,phishing
http://bestyetrx.com,benign
http://www.startupbonds.com,benign
http://serverline.top,mal
http://bjarnum.eu/pjj42gl,mal
http://resortsworldgenting.blogspot.de,phishing
https://www.eye-watch.in/design/fancybox/pnf.action,mal
http://www.operationpaperclip.info/mittelwerk-dora-concentration-camp.php,benign
http://apps.kensium.com/kpacts,benign
http://www.mamasgozleme.com.au,benign
http://restaurantandre.com/octaphilosophy,benign
http://www.webcam-elba.it/portoferraio,benign
http://trenabi.seesaa.net/article/386065386.html,benign
http://m.networkadex.com/files/pav4/c_updater.exe,mal
http://homepage.divms.uiowa.edu/~rlenth/power,benign
http://jonovelli.com/blog/wp-includes/sul/verify,phishing
http://www.harusatoen.or.jp/service/caremanager/kyoujyokai,benign
http://sexgai.online,phishing
http://datezone.site,mal
http://acejapan-ltd.com,benign
http://myfurer.net,mal
http://wzcxx.com,phishing
http://palmercaregives.com,phishing
https://strugglingtoexcel.com/2014/06/02/format-tables-excel-vba,benign
http://omegaseamaster.co,phishing
http://www.myinfo.ocry.com/images/d2015_id.jpg,mal
http://www.alfygame.com,mal
http://cv0fmly6.gmz.cc,mal
http://www.sakuraho.com/terms_3.html,benign
https://kubernetes.io/docs/user-guide/pods,benign
http://www.impressiveew.top,mal
http://www.glennrothenberg.com,phishing
http://aisan-kumamoto.co.jp/company.html,benign
https://ishouldbeafilmcritic.com/2012/05/27/analysis-the-thief-and-the-cobbler-the-recobbled-cut,benign
http://windowsupdate.rebatesrule.net,mal
http://klobouky-barety.cz,benign
http://13m.3322.org,mal
http://ojvnm.adsb4all.com/c/546f8854b5b0b45f,mal
http://kvcqqqkjrcdg.pw,mal
http://reddogfoto.ru/ru/pitomnik/articles/detail.php,benign
http://www.uniquetrophies.co.uk/motorsport.htm,benign
http://ct-4649u-ki.cocolog-nifty.com/blog/2012/11/bmghfhglfl.html,benign
http://www.shizukareien.co.jp,benign
http://s435378127.online-home.ca/0h6br33,mal
http://cdn.roastfiles777.com/download/57/50001/vidsqaure/setup.exe,mal
http://www.canberragamefishing.com,benign
http://mort.hu/suli/files/tarspol-rovid.doc,benign
http://limpopo.hotelguide.co.za/limpopo_info-travel/polokwane-attractions.html,benign
http://www.magesyre.no/behandling,benign
http://reminiscenceband.tripod.com,benign
https://www.sigsauer.com/terms-of-use,benign
http://renault20.de,benign
http://www.megatoolkit.com,mal
http://aceapplefarm.com,phishing
https://www.avantgarde-hairdressing.co.uk,benign
http://6d7bce61eed4.com,mal
http://dhaifinsurance.com/php/404.html,mal
http://www.landeswanderverband-nds.de/00-index.html,benign
http://moodlesafamalaga.safanet.es,benign
http://azvalleyinspections.com,phishing
https://www.poconowinetour.com,benign
http://www.harroldpreschool.co.uk,benign
http://yourdocstorage.com,phishing
https://mathsprint.wordpress.com/algebra,benign
http://www.genecomm.com/hondaapproved.html,benign
http://www.birdkingcreations.com,benign
http://785c2a8badd4.com,mal
http://www.poolandbilliardops.com/jeanette-lee-the-black-widow,benign
http://jccargomovers.com,benign
http://nepal3.msntv.org,mal
http://rapart.de,benign
http://ns2.cachevideo.online,mal
http://smartsoft.duckdns.org,mal
http://spacelaboratoriesllc.com,phishing
https://joshel.com,mal
http://bannerbank.control-inc.com,phishing
http://aatgroup-th.com,phishing
https://opponents.trials.report,benign
http://esaualencar.com,phishing
http://vvrsiiejphev.pw,mal
http://qhddzd.com,benign
https://trafficanalyzer.biz/fonegiant.com,mal
http://debugplus.co.cc,mal
http://0668.com/k5bhgn,mal
http://www.shin-ei-s.jp/service.html,benign
http://www.izumikyo.co.jp/accommo/access/hokkaido.html,benign
http://oasagm82wioi.org,mal
http://www.jeskyneadraci.cz,benign
http://www.kurokawastock.co.jp,benign
http://fullpromo.cl,phishing
http://andy.frascone.com/bushmaster-texas-m-4-carbine,benign
http://australianunity.net,phishing
http://ledgepointaccommodation.com.au,benign
https://sathishkrish.wordpress.com/2010/08/08/lyrics-of-gore-gore-moscowin-kaveri,benign
http://pornxxxxx.net,mal
http://www.mileta.cz/index.php,benign
http://boxesfly.com,phishing
http://www.muttypawsacademy.com,benign
http://fbklmuttfghk.org,mal
http://www.aiwa-gaiheki.com/news,benign
http://expdivine.com,phishing
http://bfsa.gov.bd/874ghv3,mal
http://regionalclaimsrecovery.com/08yhrf3,mal
http://www.spincitybrimpton.com,benign
http://totallyanonymous.com,mal
http://b664ff3083d4.com,mal
http://www.jlsmx.cn,benign
http://www.dijontours.com,benign
http://hoosierwomen.org,benign
http://www.lapoesiedelaphotographie.com,benign
http://nostopped.com,mal
http://www.berkelvloeren.nl/index.php/over-ons/historie,benign
https://sthelensto.archtoronto.org,benign
http://www.complexproperty.com.au/home,benign
http://connectivity.pestweb.com/pom/201610,benign
http://www.plenty-humanwear.com,benign
https://www.kana-gensuikyo.com,benign
http://www.e-animals-net.com/kusunoki/kusunoki.html,benign
http://cavucellars.com/current_wines.htm,benign
https://shopcordells.com,benign
http://ztjre.fortunecity.ws/guentos.js,mal
http://alyssasherd.weebly.com,mal
https://crabbychique.com,benign
http://alt.kit-hamburg.de/login.php,benign
https://hhhhhaaaa.wordpress.com/2011/04/14/comment-trouver-son-point-g,benign
https://argente-utilities.uptodown.com/windows,benign
http://arta-living.com,phishing
http://hryrjxmdmnvw.space,mal
http://sictindia.org/counter,mal
https://southeasternretinaspecialists.com,benign
https://www.digitalmente.biz,benign
https://vietjet.asia,phishing
http://wnmqmghgojwi.pw,mal
http://panstwonawalizkach.com/2016/02/28/trzy-najlepsze-plaze-na-phu-quoc-i-wszystko-czego-potrzeba-zeby-miec-rajskie-wakacje,benign
http://ceip-jesusruiz.centros.castillalamancha.es,benign
https://portal.regionofwaterloo.ca,benign
http://lexlinks.hendersonchambers.co.uk,benign
http://robekadevelopment.com/knby545,mal
https://interviews123.wordpress.com/how-to-rate-scale-an-interview,benign
http://netrec.net/dm,mal
http://cargra.web.fc2.com/stepwagon/step_data.html,benign
https://shelly-s-truck-caps.hub.biz,benign
http://www.radiocattspressoirhaiti.org,benign
https://dick.ccfchrist.com,mal
https://www.volksbank-blog.de/news/kontaktlos-zahlen-mit-der-vr-bankcard,benign
http://eeouyouiai4.co.cc,mal
http://www.kinglars.dk/sidstnyt.html,benign
http://tlosbdsckjvi.pw,mal
http://www.ibew480.org/jobcalls.html,benign
http://www.gc-schloss-horst-senioren.de,benign
http://trademarkindonesia.com/order/document.zip,mal
http://knalc.com,mal
http://bestbrokerever.info,mal
http://sappore.cloud-maste.com,mal
http://ibizatravel.com.pl,benign
http://www.workrightnw.com,phishing
http://cdsp.pl/result,mal
https://frenchtwinsremovals.com.au,benign
http://www.qus.com.au/wp-content/uploads/2013/09/qus-strata-select-policy-document-0813.pdf,benign
http://www.laegevagtenregionnord.dk/vagt/index.asp,benign
http://pastebin.com/raw/ftigznrg,mal
http://zardamarine.com,mal
http://thesurfbreak.com/74t3nf4gv4,mal
https://id.futabus.vn,benign
https://around-the-world-in-80-days.softonic.com,benign
https://workingkeys.org/avg-internet-security-2017-serial-key-2,mal
http://vipseal.de/74t3nf4gv4,mal
http://vamos2017agora.asia,mal
http://www.shalon.co.il/web/8888/nsf/sbs.py,benign
http://candy-watches.org,phishing
http://endo-sardjeva.com,benign
http://battery.vfab.org/wiki/index.php/cathode_materials_design_lab,benign
http://aishanghuanbao.com,benign
http://mohegansu.com,benign
http://clarisnyc.com,benign
https://rdytogo.com/contact-us,benign
http://www.moscowdic.trickip.org,mal
http://villa31.com/74t3nf4gv4,mal
http://topenergy.co.za,phishing
https://larsericssonbass.com,benign
http://www.amerace.com/newfiles/products.html,benign
http://ranalow.com,benign
http://madamejewelry.com,phishing
http://neitcon.de/nei/neitcon/neienv.exe,mal
http://www.golfgal-blog.com/2009/09/my-favorite-bobby-jones-golf-tips.html,benign
http://www.hetgroenewonen.nl/epilepsie-bij-honden,benign
http://krtesting2.com,phishing
http://atmanaqua.ru/index.php/menuequipment/menufilterexternal.html,benign
http://soligro.com/wp-includes/pomo/db.php,mal
http://reyweb.com,mal
http://acstoneart.com,phishing
http://7vzsbc.com1.z0.glb.clouddn.com/4391/fbbd6602925d8a6f9a59c4afff55a384.res,mal
https://sanneaben.wordpress.com/lesvoorbereidingen,benign
http://www.pizza-hour-marienfelde.de,benign
http://dominioinfo.com,phishing
http://right-livelihoods.org/06g32f2,mal
https://websitetheme.com,mal
https://soho.cafe24.com,benign
https://www.kletterpark-lienz.at,benign
http://tamatsubame.txt-nifty.com/news/2004/07/post.html,benign
http://22js.org,mal
http://www.goodmealtimes.info,benign
http://3b4467f8c554.net,mal
http://www.bannered.4dq.com/monitor/images/smartzh131225.24.gif,mal
http://klio.online,phishing
http://ourohiorenewal.com,benign
http://yellowstudio.pl/hjg766,mal
http://snalc.org/snalc2015,benign
http://docs.google.com/forms/d/e/1faipqlsfe9kshybfsdafrclw8m9radajqoyhzheymeagzexe3lq-17a/formresponse,mal
http://www.fotoredaktion.at,benign
http://www.biancabosker.com,benign
http://www.jrsmart.cn,benign
http://horqpoccijop.org,mal
https://script.google.com/macros/s/akfycbzuykcvx7j3tlbnyqfxtb1mqii31b4vton640yirjt0t6rs4s4/exec,mal
http://tskz.com,benign
https://sap.misapor.ch,mal
https://www.skinlightcreme.de/blog-section/dunkle-verf%C3%A4rbungen-an-der-nase,benign
http://diegosantarsia.it,phishing
http://syrion.wbok.pl,phishing
http://visitortrack.net,mal
http://www.globalstarins.com,phishing
http://www.laspezia-pizzeria.co.uk,benign
http://hukuoka.cloud-maste.com,mal
http://www.arkinthepark.co.uk,benign
http://kidwadee.com/images/logo.gif,mal
http://kmspicosoft.com,mal
http://gateway.glop.me/ipfs/qmyeyhseqewgkapntsbabmfshbyzqliqurtrf24srckdau/criptedfile.exe,mal
http://www.readlenta.ru,mal
http://propfisher.com/08yhrf3,mal
http://914b605d0154.net,mal
https://alterskultur.wordpress.com/category/marburger-allianz-fur-menschen-mit-demenz,benign
http://www.scuolamediacalvino.it/simboli.htm,benign
https://bibliopress.wordpress.com/2007/06/18/los-enfoques-del-aprendizaje,benign
http://maffc.mrface.com,mal
http://womencoatonline.com,phishing
https://www.pd-tech.com,benign
http://bijlesinwageningen.nl,benign
http://a42ed6d0c654.net,mal
http://umedatoru.com,benign
http://ca9a08ece054.net,mal
http://ggvruxovlbrm.com/spam,mal
http://microsoftcnc.publicvm.com,mal
http://officevending.co.uk,benign
http://exgbmllpyuyu.space,mal
http://272ead5b2bd4.com,mal
http://www.ajiavac.com/shownews-349.html,benign
http://www.harriman-green.co.uk,benign
http://www.mystrokeofinsight.com/index.html,benign
http://www.toyotrade.com,benign
http://rys-przemysl.pl/czlonkowie,benign
http://jimin-jp.biz,mal
http://tc-niederdieten.com,phishing
http://roome.co.il/uc3bhhxwoa,mal
http://www.triaxisworldwide.com.ph,phishing
http://my8.net,phishing
https://www.shoploooh.com,benign
http://brjmkwrbjoyo.pw,mal
http://tvce.net/dosyalar/yeni/homet.exe,mal
https://www.edokiriko.co.jp/shopping/wineglass.html,benign
https://cookem006238.wordpress.com/2012/10/21/dna-leah-monologue,benign
http://viscarci.com/098tb,mal
http://windowsupdate.lflink.com,mal
http://ipv4.windowsupdate.mylftv.com,mal
http://28adc81217d4.com,mal
http://www.ibiservice.com/default.asp,phishing
http://www.bakerranchlava.com/raspberries.html,benign
http://variety.osusumen.jp/2016/01/10/post-49,benign
http://viniexgame.duckdns.org,mal
http://contrivedzh.top,mal
https://sketchbook-pro.softonic.com,benign
http://www.tungtong.com,benign
http://clinicadolago.pt,phishing
http://m.networkadex.com/agdown/poten1.exe,mal
http://zandelshop.com,mal
http://90d6249747d4.com,mal
http://brickksa.com,benign
http://online-serviceportal.com,phishing
http://www.mainframeanalytics.com/tss%20acf2%20101.pdf,benign
http://vmmini.com,mal
https://przedszkolekolbiel.edupage.org,benign
http://highreplicawatches.cn,phishing
https://burn4free.en.softonic.com,benign
http://www.joycelovespets.com,benign
http://cvvshop.lv/login.php,mal
http://zwljfc.com/ld1pvjozu,mal
http://www.carmot.pl,benign
https://vplus.ft-dm.com,phishing
http://window.duckdns.org,mal
http://www.hometogarden.com.au,benign
http://www.nnez.cn/index.htm,benign
https://s.pmddby.com,mal
http://ntion.atheist-tees.com,mal
http://www.destekegitim.com/images/logo.gif,mal
http://www.d1autobrokers.com,benign
https://onionname.com,benign
http://freefuria.ddns.net,mal
http://0b054784d854.net,mal
http://adiahccee.co.cc,mal
http://nkfyfs.cn/08yhrf3,mal
http://bbrhaom.co.cc,mal
http://easylation.com/yr387n3,mal
http://multi-bygg.com/amk/picture.exe,mal
https://mdappblog.com/2016/05/20/non-mutual-collateral-estoppel-a-shield-but-now-clearly-also-a-sword,benign
http://pbqqj.com,phishing
http://softdown1.hao123.com/hao123-soft-online-bcs/pack/2017-01-05_214399%E7%94%9F%E6%AD%BB%E7%8B%99%E5%87%BB%E4%BF%AE%E6%94%B9%E5%99%A8.exe,mal
https://couttslegal.com.au,benign
http://www.joynett.com.tw,benign
http://antigravityfitness.se,benign
https://www.kunstverzekeringen.nl,benign
http://sharkabout.com/it/punti-di-immersione/immersioni-con-squalo-bianco/127-california-farallon,mal
http://www.dradatia.com,benign
http://limospizza.com/counter,mal
http://leoandivyphotography.com,phishing
http://www.heisei-kinenkan.com,benign
http://tenoclock.net/plugins/pngimgplugin.zip,mal
https://walkitlikeadog.com,benign
http://www.shcij.com,benign
http://www.usarvpark.com/index.html,benign
http://cloud-maste.com,mal
https://standardnotes.org,benign
http://www.coopacsanmartin.pe,benign
https://www.jlmn.org,benign
https://ronet.help,benign
http://maclurg.com/politics/jmskd.bmp,mal
http://www.jansmartingales.com/whippetsize.htm,benign
http://www.abramsonassoc.com,benign
http://dl-keystimallydvall.co.cc,mal
http://35kjxqgz9vnhc.gmz.cc,mal
http://registrocivil-online.net,phishing
http://altair.smugmug.com,benign
http://cryoniq.com/byt4g3,mal
http://dwn.getjar.mobi/download/b2/1184750_525897__gpsr.apk,mal
http://theartofmeat.com,phishing
http://drivinfosproduits.info/q,mal
http://uttarahumara.edu.mx,phishing
http://jwdn.net/affdy_281_3776.exe,mal
http://mofa-go-jp.com,mal
http://pignus.com.pl,benign
http://stellarwindowtinting.com/auto.html,benign
http://www.ambulatorioveterinariosantostefano.it,benign
http://laceyphotos.com,phishing
http://vjtyvsrqonnq.space,mal
http://onfscfdtnhhg.pw/eidqjnbweq,mal
https://www.goldenbeartoys.com,benign
http://byzgoso.ru,mal
http://www.pisces-conservation.com/growthhelp/von_bertalanffy.htm,benign
http://eim.world,benign
http://room8008.com/c6gwg6ifi,mal
http://4cb074d0b154.net,mal
http://ufa.net.tw/tw_company.asp,benign
http://donkikochan.com,phishing
http://www.bhpr.ca/horsebackrides.html,benign
http://zagruzime.co.cc/dl2/d/100197461,mal
http://aoimuramasa.muvc.net/vanp015.html,benign
https://www.xolphin.nl/reviews,benign
http://free-freedom.com,benign
https://www.tymetrix360.com/common/pages/loginpage.aspx,benign
http://www.takako-art.co.jp,benign
http://fairmath.com,phishing
http://www.zocalocenter.com/resources,benign
http://visolisbio.com,benign
http://www.selgros.pl/oferta-promocyjna,benign
https://www.safari-is-the-new-ie.com,benign
http://qyonsbmeqjkk.pw,mal
https://www.vettechprep.com/vtne.jsp,benign
http://spirotiger.it/overview,benign
http://www.biblioudv.ro,phishing
http://www.sugiyama-mfg.co.jp,benign
http://d95a3dd6d854.net,mal
http://www.dincoach.se,benign
http://vaaren.dk/ogcz6ys0d,mal
http://xdkxbmwe.co.cc,mal
https://www.facturenet.fr/fnetv1,benign
http://www.jvdlfotografie.nl,benign
https://waxapothecary.com,benign
http://scinfo.toug.com.cn,benign
https://wall.sg,benign
http://www.ycdada.com,benign
http://www.grupolives.com,benign
http://nnokousaku.web.fc2.com/generator.html,benign
http://www.wulianjiuye.com/4.htm,benign
http://bwfwemlsbge.duckdns.org,mal
http://www.crownofthorns.us,benign
http://larodimas.top/777.exe,mal
http://montec1.com.br,phishing
http://gite-la-capitainerie-amboise.com,benign
http://www.kbldecorators.co.uk,benign
https://beckynatalina.wordpress.com/list-tong-hop/cap-bac-trong-hau-cung-gio-giac,benign
http://www.twinrealty.com,mal
https://securitas.mitarbeiterangebote.de,benign
http://www.lzweitaistone.com,benign
http://jjmanningauctions.com,benign
https://esvetovanje.ess.gov.si/kjeiscemzaposlitev,benign
https://lincstolondon.wordpress.com/2012/12/16/making-a-pirates-treasure-chest-cake-from-scratch,benign
http://www.irigoyenservicioshosteleros.com/irigoyen-inicio.html,benign
http://www.amberisic611.4dq.com/monitor/images/smartnav141216.32.gif,mal
http://10wp.org,mal
http://yelangly.com/bhptu9hu,mal
http://3ad3ced81c54.net,mal
http://steamteamhorseshoebay.com,phishing
http://posle-50-let.ru,benign
http://reportthi.duckdns.org,mal
http://www.centrumvigilant.be/vigilantie.html,benign
http://bitemefoods.com.au/our-story,phishing
http://bangcapchungchi.com,phishing
http://www.posltd.net/about-us,benign
http://patents2market.com,phishing
http://skyliteconsulting.com,phishing
http://diversemarketing.com,benign
http://comberhistory.com/chs%201900s.htm,benign
http://utilmall.com/bbs/ad_86/sjmeo.exe,mal
http://analytics-google.org/checkfile.aspx,mal
http://wisua.xyz,mal
https://sadeempc.com,mal
http://ameli-assurance-maladie.com,phishing
http://www.casadoconstrutormanduri.com.br,benign
http://magaduzela.co.za,phishing
https://arpicosupercentre.com,benign
http://ulmmpxqdoglw.pk,mal
http://ninthdistrict.org/wkvmds,mal
http://www.forensic611.3-a.net/monitor/images/smarp140102.24.gif,mal
http://www.bernskacietusais.lv/lv/iesaistitas_institucijas/valsts-bernu-tiesibu-aizsardzibas-inspekcija-vbtai--54,benign
http://jennpeddy.com,benign
https://cracksapps.com,mal
http://netkeycompany.com,mal
https://portal.hud.de/kennwort,benign
http://mjp188.com,benign
http://www.koeln.kuhle-wampe.de,benign
http://www.lindentrails.org,benign
http://bagbrothers.com.au,benign
http://www.leansimulations.org/2011/06/lean-cups-game-whats-summer-without-few.html,benign
https://pistonalytics.wordpress.com/2013/02/15/player-impact-estimate-vs-wins-produced,benign
http://networkave.com,phishing
http://www.muenstermusik-konstanz.com/startseite,benign
http://www.himbeergelb.ch,benign
http://russia-mvd.slyip.net,mal
https://robertbaggett.files.wordpress.com/2012/01/return-of-service.pdf,benign
http://garenamobile.com,phishing
http://espe-bd.blogspot.fr,phishing
https://theaddisrevolution.bandcamp.com,benign
http://fortes.us,phishing
http://www.lindawilhelm.com,benign
https://sas.missouri.edu/view/about,benign
http://asguard.de,benign
http://paypal.prihlaste.cz,phishing
http://immobilienbegleitung.de/f5fst2lnzy,mal
http://www.kytary-cz.eu/pirati-z-karibiku,benign
https://alliedprofessionals.com,benign
http://b0ae065e04d4.com,mal
http://www.consulenzaboschetti.it,benign
http://www.contemporary1880.com,benign
http://teknoportbilisim.com/74t3nf4gv4,mal
https://audiobookjungle.com,benign
http://www.lorosfantasticos.org/loros-mexicanos,benign
http://likeshop.top,phishing
https://developer.stamps.com,benign
http://www.tomorrow-factory.com,benign
http://unuulunrxhck.pw,mal
http://handymangoldcoast.net.au,benign
https://capitalone.one,phishing
http://osk-dakar.pl,benign
http://evolutiveprod.com,phishing
http://raivel.pt/08yhrf3,mal
http://tbhwrm1.org/hooma/order.php,mal
http://smder.com,mal
http://cdn.advancedpasswordmanager.com/apm/c2/securedl/apmsetupsite.exe,mal
http://54him.com,phishing
http://regionalclaimsrecovery.com/4g3vg334,mal
http://www.hefleyconstruction.com,benign
http://www.facefuture.us,mal
https://www.hypothekenzinsenaktuell.com/hypothekenrechner,benign
https://plymouthnorthcheerteam.teamapp.com,benign
https://sd.vetraspec.com,benign
http://www.chantalandais.co.nz,mal
http://nonblocker.com,mal
https://www.freiraum-shop.de,benign
http://elsaacademy.com,benign
http://www.al-hasany.com/zxc678,mal
https://nl.trustpilot.com,benign
http://www.interioarch.in,benign
https://www.livetv.se,benign
http://lewangfu.com,benign
http://fjmax.jp/program,benign
http://ys.icees.kr/main.do,benign
http://vcracks.com,mal
http://www.conveyancingstudio.com.au,benign
http://lightkeeperspublishing.com,phishing
http://www.gierzwaluwen.nl,benign
https://www.disclosurecompliance.com,benign
http://paypal-pay.com,phishing
http://www.anfemuebles.com,benign
http://www.yogastudio34.com,benign
http://www.sozialestadt-butzbach.de/soziale_stadt_-_butzbach/bwg.html,benign
http://www.wadayama-web.com/jichikai/htm/2004/soukai2004/kaityoaisatu_2004.pdf,benign
http://fd1d73967554.net,mal
http://xs01.3322.org,mal
http://www.calendly-embed.com,benign
http://u2bebeauty.com,phishing
http://managemyeczema.com/causes/identifying-the-root-cause-of-eczema,benign
http://www.formmakers.nl,benign
http://scprd.org,benign
https://www.pross-werbetechnik.com,benign
http://nyxiaoyuan.com/87nft3,mal
http://jwdn.net/hfghg_281_4225.exe,mal
http://www.erik-klaassen.nl,benign
http://pathology.emory.edu/adminfacultymember.cfm,benign
http://266fdda00754.net,mal
http://bridgetkibbey.com/home.html,benign
http://www.shimazu.net/index.html,benign
https://www.powerofsport.org,benign
http://sap.misapor.ch/vishop/view.jsp,mal
http://bet3659c.com,phishing
http://www.fanyiqi.net,benign
http://www.sustainable-estates.co.uk,benign
http://clickones.ru,mal
https://login.bearingslimited.com/storefrontb2bweb,benign
http://kopfmitherz.com/counter,mal
http://www.amtelectronics.net.au,benign
http://primeshopee.com,phishing
http://specpodarki.ru,phishing
http://utilmall.com/bbs/ad_89/alsll.exe,mal
https://goodframe.fr.softonic.com,benign
http://www.notarysahib.com,benign
https://www.bieriges.de,benign
http://www.necaiselock.com,benign
http://www.ddftechnologies.com/es/company/facility,benign
http://relevantchristmas.com,phishing
http://ten-best-credit-cards.com,phishing
http://djroomba.com,phishing
http://6ca6aa895bd4.com,mal
http://newtopxvidsuqg.co.cc,mal
https://c2.kuronekoyamato.co.jp/okurijo/servlet/dwu01010,benign
http://nonblocker.com/wpad.dat,mal
http://justtaxnj.com,benign
http://mentalgenki.com,phishing
https://www.jucesponline.sp.gov.br/pesquisa.aspx,benign
http://www.reneehortonphd.com/about.html,benign
https://docs.google.com/forms/d/e/1faipqlsfe9kshybfsdafrclw8m9radajqoyhzheymeagzexe3lq-17a/formresponse,mal
http://fashion-online.net,mal
http://www.spectrumreclame.nl,benign
http://nacci.silk.to/socio/memo0.html,benign
http://www.nidanpath.com,benign
http://eoffice.etowns.org,mal
https://www.toho-cp.co.jp,benign
http://hkspynet.ddns.net,mal
http://emiratesrobotics.me,benign
https://enharmoniacpmt.wordpress.com/2015/02/19/breve-historia-de-la-tuba,benign
http://musicaledge.com,benign
http://dreamlifez.com/zxc678,mal
http://www.draaksteken.nl/76733c,mal
https://www.satinedge.com.au,benign
http://www.elettrotecnicaventurini.com/prodotti/lowara.html,benign
http://google5-ssl.com,mal
http://www.amberisic611.4dq.com/monitor/images/smartnav0120.64.gif,mal
http://www.gartenbauverein-kaisheim.de/archive/535,benign
http://exoticsaucepackaging.com,phishing
http://drmartenshomme.fr,phishing
http://jonesborosylvan.com,phishing
http://spaldingcompanies.com,mal
http://7c84238060d4.com,mal
http://www.rssupdater.com,mal
http://xn--svartmgel-57a.nu/sanering-av-svartmogel,benign
https://pactogermanosovietico.wordpress.com/caricaturas,benign
https://pasadenaplayhouse.requestitem.com,benign
http://microsoft-shop.com,mal
http://apple-online-device.com,phishing
http://techknowlogix.net,mal
http://211215.top,mal
http://steamcomnunitty.ru,phishing
http://www.aeslv.com,benign
http://www.sr6s.org,benign
http://yado.nassy.jp/e83379.html,benign
http://villaphenomena.com/74t3nf4gv4,mal
http://bozena.lender.cz/zdravi/klystyr,benign
https://financedirectors.gwu.edu,benign
http://www.bishop-cga.ca,benign
http://cdn.mj-game.cc/upload/attachment/20161221/cb3102dfaa0d68eed0343ab8c50d075a.apk,mal
http://xsso.lyvejujolec.eu/64faca10f76c41c7d1909e318c094f85,mal
http://getfixed.xyz,mal
http://kvmcrobezyi.limitcashslump.ru/data_get_params,mal
http://sapporo.cloud-maste.com,mal
http://unipakasia.com,benign
http://www.jasons.co.uk/booking.php,benign
http://www.generaalvandenbosch.nl,benign
http://fairweatherproperties.com,phishing
http://michaelbetzmusic.com,benign
http://videotalk.us,mal
http://newskillacademy.com/hyitq,mal
http://technows.ws,mal
http://zonaestudiantes.ucsh.cl/documentos/pde/an%C3%A1lisis%20foda.pdf,benign
http://clubempleadosbancoitau.com.uy,phishing
http://es.cheap-montblanc.co,phishing
http://shrimp.bdoncloud.com,mal
http://jwdn.net/aff80787dy_281_5414.exe,mal
http://pastebin.com/raw/6nnwadd7,mal
http://yatugatake.jp/publics/index/9,benign
http://ocyci0kmarzh.gmz.cc,mal
http://sign-in-to-my-gmail.com/gmail-sign-in/gmail-sign-in-mail-login,phishing
http://www.truckaccidentlawyerok.com/our-firm/david-c-bean,benign
http://f9f7fa9e1bd4.com,mal
http://www-stl.htwsaar.de/tr/stl-tr-2015-03.pdf,benign
http://thabet.me,phishing
http://thailan.uni.me/zs/config.bin,mal
http://www.lunadesigns.co.za,phishing
http://www.thelegendofjinsha.com,benign
http://www.info.biz.pl/pomieszczenie-socjalne-dla-pracownikow,benign
http://kornsoft.com/anyft/anyft.exe,mal
http://www.tarot-amor.com/horoscopo_y_personalidad.php,benign
http://www.skr-ingenieure.de,benign
http://d2bqtxf7nlm89w.cloudfront.net,mal
http://nspgvr.org/calendar,benign
http://castlehilllocksmith.net.au,phishing
http://c74c905dc454.net,mal
http://www.der-fusschirurg.de,benign
https://ps-tray-factory.en.softonic.com,benign
http://ruddernut.com,benign
http://baohonamphuong.com,benign
https://www.armcodirect.co.uk/armco-products,benign
http://www.helpus.ddns.info,mal
https://jessicawilkenrmt.clinicsense.com,benign
https://wheresgeorge.com,benign
http://suspicious-accountactivity.com,phishing
http://ibarakigolf.sakura.ne.jp/sub2.htm,benign
http://www.charcoalmakingmachine.com,benign
http://gigijk.com,phishing
http://vvyhhnsipnyy.pw/eidqjnbweq,mal
http://palastsdistribute.pw,mal
http://www.chriscorrigan.ie,benign
http://www.kleinisolierung.de,benign
http://bb7a6d6086d4.com,mal
http://jshhtjx.com,benign
http://user.gateforum.com/activate_account.php,benign
https://sp2kamienica.edupage.org,benign
http://travislakejohnson.com,benign
http://tonypettiford.com,mal
http://779999977.com,mal
http://oxfordbreastbuddygroup.co.uk,benign
https://www.autozentrum-wesertor.de,benign
http://mangoco.net/tnx/get.php,mal
http://www.grebundfriends.de/kunden/internet,benign
http://mmt.news,mal
http://newvinta.com/jlgjsdf/gasdfg/gsfggsdf.asp,mal
http://www.trucat.net,benign
http://ztplzpnhmfmpgvi.limitcashslump.ru/data_get_params,mal
http://www.ms-jr.co.jp,benign
http://mirror-ufa.ru/bcnv8324,mal
http://machinesdufantasmagore.over-blog.com/article-les-anamorphoses-99399581.html,benign
https://psaccount.unomaha.edu/account/public/login.php,benign
http://kokohana-artmuseum.com/information.html,benign
https://www.birds.co.jp/service/data,benign
http://www.abimat-electric.com/products/lightning-surge-arrester,benign
http://www.poporocloud.com,benign
http://xajinbo.cn.makepolo.com,benign
http://ikepela.com/ikepela/home.html,phishing
http://b63f4ada8354.net,mal
http://shore2garza.com,phishing
http://www.aguasdomirante.com.br/historia-do-rio-piracicaba,benign
http://www.srwuliu.com,benign
http://longdresses.co,phishing
http://theexperience-sweetendings.com,phishing
http://www.master-billiards.com,benign
http://eresaltes.edu20.org,benign
http://alpineurgentcare.com,benign
https://transfer2.it.minedu.gov.gr,benign
http://bujot.com,mal
https://strathdearnblog.wordpress.com,benign
https://www.bluechariot.com,benign
http://corpuschristitx.quality-concrete-contractor.com,benign
http://www.moodytexas.com/chamber-of-commerce-members.html,benign
http://sicurezza.superzap.it/legenda.php,benign
http://africa93.sakura.ne.jp/%E3%82%A2%E3%83%95%E3%83%AA%E3%82%AB%E3%82%BB%E3%83%9F%E3%83%8A%E3%83%BC,benign
http://npcvnorvyhelagx.com,mal
http://0b058be051d4.com,mal
http://drivsnfosproduits.info/q,mal
https://www.clippingpathsource.com,benign
http://unnamed.tech,mal
http://m.networkadex.com/agdown/poten3.exe,mal
http://anatomie.univ-catholille.fr,phishing
http://www.westcoastdrykiln.com,benign
http://35el3bgixwcz6u.gmz.cc,mal
https://georgiavintageweddings.com,benign
http://www.nottsheritagegateway.org.uk/themes/coal/coalcartographic.htm,benign
https://www.cvvshop.lv/login.php,mal
http://www.gasthaus-hamburg.de/kontakt.htm,benign
http://susucre.com/osirase.html,benign
http://kawasaki.cloud-maste.com,mal
https://mixxx.softonic.com,benign
http://ns1.windowkernel.com,mal
http://fakewatchesuk.cc,phishing
http://blog-vintage-atelier.de/category/spinnen-lernen-wolle-tierhaare,benign
http://malcolm.fftpoor.com,mal
http://sky-taxi.hk,phishing
http://pokerjive.com/hb74,mal
https://carcassonne.promocash.com,benign
http://www.orla.co.il/%D7%90%D7%A0%D7%99%D7%9E%D7%A6%D7%99%D7%95%D7%AA,benign
http://www.livella.ro,benign
http://www.basilica.cn,benign
http://anr.moselle.pagesperso-orange.fr/lettre_%20retraites_%204.pdf,benign
http://16203.wheatherserviceapi.info,mal
http://www.immobiliarevittoria.it,benign
http://tulasiseeds.com,phishing
http://columbiadance.it/sounds/djakie.zip,mal
http://c455a9d913d4.com,mal
https://www.crackingpatching.com,mal
http://isalines.co.id,phishing
http://addwords.com.tr/aah6qmhv,mal
https://www.socosystem.com/world,benign
http://bendnsnap.com,phishing
http://www.paredox.com/foswiki/pub/luichart/redoxtechnicalpapers/david_connolly_ul_energy_storage_techniques_v3.pdf,phishing
http://activationguru.com,mal
http://settingbots.co.cc/l.php,mal
http://correspondentfunding.com,mal
http://softologicsb.com/download/$vskswjlsivplrgiy,mal
http://rightofdecimal.com/p9uqm,mal
http://www.brandschutz.uni-jena.de,benign
http://sabine.berland.pagesperso-orange.fr/pages/accueil.htm,benign
http://www.pepincpower.com,benign
https://www.e-econex.com/utilizacion-de-feromonas-atrayentes-y-trampas,benign
http://aswaq-online.com,phishing
http://www.silincode.es,benign
http://j9blues.com,phishing
http://l-abcd.over-blog.com/article-17406789.html,benign
https://puffenbargersugarorchard.com/maple-syrup-prices,benign
http://www.1045.jp,benign
https://www.abis-reicom.de/software/abis-finanzbuchhaltung.html,benign
http://www.matsui-eyeclinic.info,benign
http://www.quattroesse.info,benign
http://certezash.com,benign
http://images.tyoto-go-jp.com,mal
https://www.seasyouthathletics.com,benign
http://www.monkowie.pl,benign
https://microsoftstoreservice.com,mal
http://www.minegishi-dental.com,benign
http://www.stormfamilylaw.com,benign
http://crackintopc.com,mal
http://sync.malwareprotectionlive.com/home/event,benign
http://www.xxxposednh.com,benign
http://roomolo.com,phishing
http://glemot.com/counter,mal
http://www.robersonsfinejewelry.com/designers/john-hardy,benign
http://analytics.blue,mal
http://tulwhieeffnj.pw,mal
http://lojadevariedade.com/contador.php,mal
http://mojcars.com/gltrittipoe/64corvette,benign
https://www.affluence.org,benign
https://adeal.com.au/wp-content/uploads/2016/07/phottix-odin-ii.pdf,benign
http://hedefosgb.com/dpyzsb6u,mal
http://mgpa.massgeneral.org,benign
http://stazilivio.it/vvsbw,mal
https://www.xl-mallorca.com/webcam-el-arenal-ballermann-6,benign
http://mggsoft.com/hfvg623,mal
http://arora.x24hr.com,mal
http://thegrapetaste.net/menu,phishing
http://www.panneaux-solaires.com,benign
http://bloodpro.ddns.net,mal
http://www.queenstonplace.ca,benign
http://www.sendai-toho.com/company.html,benign
https://pracevliberci.cz,benign
http://visualizarnetx1.webcindario.com/comprovante,mal
http://vesperpg.com/vesper_profile.html,benign
http://artofsightreading.com,phishing
http://116807dd1ad4.com,mal
https://match.culturalcare.com,benign
http://gerardfetter.com/vl8s7d0e,mal
http://www.intownplumbingtx.com,benign
https://www.boreplace.org,benign
http://www.mediatenor.com/en,benign
https://allenbruceray.bandcamp.com,benign
http://mariostours.com/whales.html,benign
http://www.woodencanoeshop.wcha.org,benign
http://www.mcoma.org,benign
http://ww1.greenpeacesite.com,mal
http://hacettepeprotez.com,phishing
https://hexelon-max.en.softonic.com,benign
https://brittaremmers.partylite.de,benign
http://www.komazawa-otsuka-cl.com/index.html,benign
http://wwwl.tigerland.com/football,benign
http://www.xinbingji.cn,benign
https://www.jjmagiccoins.com,benign
http://driven2drive.nl,phishing
http://b056f0e764d4.com,mal
http://www.mondoporte.com,benign
http://findmyplants.com,mal
http://twincitymotorcycles.com/thunderheader.html,benign
http://www.yamaguchi-shinkyu.jp,benign
https://nunn-electric.hub.biz,benign
https://multifitblades.ca,benign
http://kennedy.tffghelth.com,mal
https://www.renovatorstore.com.au/blog/secret-savvy-study-nooks,benign
http://munhgqhcivpw.com,mal
http://www.donguricorocoro.com/price.html,benign
http://uxkiqyyfgnbx.space,mal
http://www.louisvillehomes.ca,benign
http://www.sh-youmeng.com,phishing
http://personalizeitsc.com,benign
http://daten.h2450068.stratoserver.net/bilder/glaser-info/allianz_erstattungspreise_2010.pdf,benign
https://kunduzapp.com,benign
http://legacylol.duckdns.org,mal
http://www.sadteam.net/sdb,mal
http://littlebearaudio.com,benign
http://kawasaki.unhamj.com,mal
http://anact.com,phishing
http://bheabfdfug.com,mal
https://sustainabilitysoapbox.com/2015/07/31/rags-to-rhinestones-dolly-partons-anti-bullying-coat-free-books-for-children,benign
http://mcleodsystems.com,benign
http://www.mcphersonranchhoa.com,benign
https://app.gocrm.io,benign
http://ebesee.com,mal
http://www.swaybrand.com,benign
http://cs.chromeinform.net,mal
http://gsia.kums.ac.ir,benign
http://www.bannered.4dq.com/monitor/images/smartnav141216.32.gif,mal
http://www.flath-seiffen.de/firma.htm,benign
https://danielccabogadoasesorempresas.wordpress.com/2015/01/13/menos-mal-que-existe-portugal,benign
http://fmopbumovxtixyp.limitcashslump.ru/launch_info,mal
http://drk-kita-matroschka-ffo.blogspot.de,phishing
https://officeendlessshop.stores.jp,benign
http://www.karin-road.com/tenpo/yotsuba.html,benign
http://uwgwlijowwsg.pw,mal
http://jwdn.net/aff71110dy_281_5414.exe,mal
http://www.spreewaldhaus-yellow.de,benign
http://yunguanxuezhan.lofter.com/post/1d74a0c0_8f1fbba,benign
http://elaissaoui.nl/hjv56,mal
http://ncswg.com,phishing
http://reveallaserwinnipeg.com,benign
http://xb666.cc,phishing
http://ima-mumbai.com/images/logo.gif,mal
http://ww.gzcfr5axf6.com,mal
http://ceezeysvanity.com,phishing
http://www.gildasacademy.org,benign
http://ilasd.org/hjg766,mal
http://auroraborealisdawnofthenorth.weebly.com/myths-and-legends-about-aurora-borealis.html,benign
http://impressiveew.top,mal
http://id-apple.blogspot.com,phishing
http://www.ien-etampes.ac-versailles.fr/img/pdf/structuration_de_l_espace_en_maternelle.pdf,benign
http://peopleprofit.in/pyihdg,mal
http://james.tffghelth.com,mal
https://billwindsor.com,phishing
http://ljzjzx.com.cn,phishing
https://www.cabelodeluxo.com.br,benign
http://testest.rr.nu/info/link.php,mal
http://village-planetaire.org,phishing
http://ecea77943ed4.com,mal
http://nwvisionassociates.com,benign
http://www.rydsglasjonkoping.se/kontakt,benign
http://summerltd.com,phishing
http://www.jarheadparacord.com/get-back-whips.html,benign
http://zk.dsns.gov.ua,benign
http://tinywebdb.17coding.net,benign
http://phone-location.info,phishing
https://www.flexcelnetwork.com,benign
http://www.autorespondercomparison.net,benign
http://mors22.com,phishing
http://www.studio.lauramunaretto.it/index.php/tariffario-studio-munaretto,benign
http://forhealthatividadesfisicas.com/byt4g3,mal
http://utilmall.com/bbs/ad_87/cod17,mal
http://drivsinfosproduits.info/q,mal
http://g-s.site,mal
https://workingkeys.org,mal
http://secureweb-login.com,phishing
http://www.santperedecasserres.cat,benign
http://alaska.casinocity.com,benign
http://www.interfacemanagement.org/battery-limit-definition.html,benign
http://www.stolpeks.pl,benign
http://pixartech.com,benign
https://www.bettersupervision.org/pages/iccs,benign
http://www.juko.nl,benign
http://www.bhsproject.co.uk/photos_intro.shtml,benign
http://9008.ru,phishing
https://sapporo.cloud-maste.com,mal
https://centrumzdrowia.home.pl/mezoterapia-wskazania-do-zabiegu,benign
http://c25476b6f754.net,mal
http://joeytorres.com,phishing
http://nnptrading.com/08yhrf3,mal
https://mhvideoconverter.en.softonic.com,benign
http://www.terayama-vet.com,benign
https://tutoriaencortos.wordpress.com/valor-educativo-de-los-cortos,benign
http://pingvinic1998.dynu.net/fox,mal
http://troutmansandersstrategies.com/offices/richmond,benign
http://www.ezbustoys.com/double-decker-bus-c-1.html,benign
https://susilon.wordpress.com/2014/06/19/how-to-install-proxmox-ve-3-2-on-software-raid-mdraid,benign
http://jira.fastfine.ru/byt4g3,mal
http://criminalinvestigator.net/docs/retainer_agreement.pdf,benign
http://pgymov.com,phishing
http://macserial.com,mal
http://www.kavil.com.tr,mal
http://ciambiz.com,phishing
http://u-sashisuseso.jugem.jp,benign
https://thoughtleadership.nam.org,benign
http://lmht.com.vn,phishing
http://stocknessmonster.com/news-today,benign
http://shawarma-house.foodpages.ca,benign
https://1001peignoirs.wordpress.com/2014/12/14/les-stars-en-mode-sexy-petite-tenue,benign
https://www.hcforwarding.com,benign
http://ufnfkklmwtuv.space,mal
http://calmera.ulyssis.org/rita/syntra-rok.pdf,benign
http://maxcdn2.com,mal
http://darwin4x4.net,phishing
http://mobilejewelers.com,phishing
http://yakup42.duckdns.org,mal
http://mrthpcokvjc.com,mal
http://8e09f01ffc54.net,mal
http://influencersevent.com,phishing
http://doc43.com,phishing
http://hamad12125.duckdns.org,mal
https://blog.40offset.com/2012/02/13/preparing-images-for-print,benign
https://entergy.pissedconsumer.com/customer-service.html,benign
http://ns2.updatesystems.net,mal
http://www.horoscopocancer.eu/horoscopo/hoy-cancer.php,benign
http://fileserialkey.net,mal
http://www.broccatopistedaballo.it,benign
http://211119.top,mal
https://photosdavant.com/premiere-photo-dun-etre-humain-en-1838,benign
https://iakkus.github.io,benign
http://crystalizedesign.com,phishing
https://jessradio.wordpress.com/2013/01/21/what-its-like-to-have-a-grand-mal-seizure,benign
http://pwn3ddd.duckdns.org,mal
https://thecultofskaro.com,benign
http://taylormadegolf.asia/signups/id/72069e3860a3df5a7451f6c190a5d3f4/index2.php,phishing
http://tools.vikingpump.com/pumpselector/index.htm,benign
http://remzona.duckdns.org,mal
https://maytagperformarefrigeratortroubleshootingpidf.wordpress.com,benign
http://www.distributionsclement.com,benign
http://hliiqpkvkimx.org,mal
http://www.rafelectricusa.com,benign
http://sodamtuff.com,benign
https://myglamstyles.com,phishing
https://homayra2013.wordpress.com/2013/02/22/bacha-bazi-play-boy,benign
http://ju9zwwps4.gmz.cc,mal
http://i-app4.online,mal
http://windowsupdate.mrface.com,mal
https://senoraameduri.wordpress.com,benign
http://www.kstrl.com/home.html,benign
http://roackconsult.com,phishing
http://www.inlandmotorcyclelaw.com,benign
https://nachtundnebel.bandcamp.com,benign
http://www.bluemountaincenter.org/contact,benign
http://amazon-services.gq,phishing
http://fe162247e954.net,mal
http://blog.franquiciaactioncoach.com/hacia-donde-va-tu-empresa,benign
http://bet3659b.com,phishing
http://tradeaccs.net,phishing
http://www.auditcitoyen.be/bcnv8324,mal
http://skylite.com.sa/map/admin.php,mal
http://tahoo.publicvm.com,mal
https://fukuoka.cloud-maste.com,mal
http://www.spielhallenautomatenonline.com,benign
http://trumpic.com,benign
http://crpowell.ca,phishing
http://www.kudoganka.com/original7.html,benign
http://vermut.xyz,phishing
http://gavin.ccfchrist.com,mal
http://desassoc.com,phishing
https://timeleft.uptodown.com/windows,benign
http://www.thytunisie.com/document/gmao%20white%20paper_asm_ax%202012.pdf,benign
http://ieckur.club,mal
http://jwdn.net/aff48791dy_281_5414.exe,mal
http://arquivosimpacto.com.br,phishing
http://inoocvklkkdu.org,mal
http://harsdorfsenate.com,benign
https://www1.rbcbank.com,benign
http://www.momspatch.co.kr,benign
http://notalyyj.com,mal
http://dynainfo.info,mal
http://www.tamask.pl,benign
http://www.clippedear.org/tnr-faqs.html,benign
http://www.beautysalonwitteorchidee.com,benign
http://www.vbczandhoven.be/sporthal.htm,benign
https://www.hidrostyle.ro/cazi-cu-hidromasaj,benign
http://bwell.online,phishing
https://3dm-games.com,mal
http://alimohammed1999.ddns.net,mal
http://u484012.pr00001.com,mal
https://cloud.firefox1.com,mal
http://kiwigrrl.com,phishing
https://www.vcspl.jp,benign
http://waterforall.us,phishing
http://drjule.com,phishing
https://dogbehaviouristmanchester.com,benign
http://photostockscript.com,phishing
http://www.palazzoroverella.it,benign
http://insideoutconstructionva.com,phishing
https://kawasaki.unhamj.com,mal
http://kumberg.stadtplanoesterreich.at,benign
http://www.deenintensive.com/the-rihla-program,benign
http://26d6be1c5f54.net,mal
http://drzalai.hu/byt4g3,mal
http://vipcrack.net,mal
http://poised.co.in/lr5xojpdrx,mal
http://infotox.co.za/profile_willie.html,benign
http://secrack.com,mal
http://live.fjtv.net/jspd,benign
http://www.progressbv.nu,benign
http://www.matheman.de,benign
http://www.museumsweg.de/landgewinnung.htm,benign
http://www.thefunctionwarehouse.co.za,benign
https://www.lawrencegrant.co.uk,benign
http://thephotography101site.com,phishing
https://disserth.biz,benign
http://kwfrisco.com,benign
http://www.vau.nl,benign
http://freesyria.publicvm.com,mal
http://1e70b18ac354.net,mal
http://info2.duckdns.org,mal
http://3a0eb74a4d54.net,mal
https://philosophyonline.wordpress.com/2011/11/27/astika-and-nastika,benign
http://www.tsubotaballet.jp/profile.html,benign
http://xz.langyx.com/staic.pac,mal
http://www.agrofarmindia.in/home.aspx,benign
http://www.westerncables.com.ar/docs/2017/crltoolz5.zip,mal
http://sandiegoblindandshade.com/refzmrf,mal
https://caminosantiago.wordpress.com/2005/06/12/diario-de-un-peregrino-camino-frances,benign
http://nicholasmarks.com,benign
http://twitter.com.shia.com.au,phishing
http://www.ac-itrepairs.co.uk,benign
http://gateste.sanatate.us/874ghv3,mal
http://www.3enerjielektrik.com/logo.gif,mal
http://www.thebloomingdahlia.com,benign
http://xoseymcokjyh.pw,mal
http://www.sirdup.in/contact.html,benign
http://faithlovejourney.com/affirmations/32-self-compassion-affirmations,benign
http://www.wandermustfamily.com,benign
http://www.a1parts.ca/products.htm,benign
http://www.wtcperformancegroup.com,benign
http://www.artstylegenerator.com,benign
http://knoxvilleecomm.com,phishing
http://pulp99.com,mal
https://www.openclinica.nl/openclinica/pages/login/login,benign
http://sciencelog.blog.fc2.com/blog-entry-239.html,benign
http://www.anna-b.pl/galeria,mal
http://kinetousu.com,benign
http://663d4b2217d4.com,mal
http://grullostallions.com,benign
http://www.reiten-a-la-carte.de,benign
http://fairfield.optimumhealthcare.org,benign
http://kmedianetworks.com,phishing
http://www.soa-oita.jp/profile/index.html,benign
http://www.artplomberie.com,benign
http://pixieinfo.info/q,mal
http://www.maritz.us,benign
http://www.eco360.com,benign
http://experimentaloikos.com/xqx9nzroeg,mal
http://normalizemusic.com/08yhrf3,mal
http://sp5.oswiata-otwock.pl,benign
http://www.trans-it-bildung.de,benign
http://sogecoenergy.com,mal
http://gm.onlinesoft.space,mal
http://www.kasi-jafire.or.jp,benign
http://m.returnfarm.com,benign
http://answers.seibert-media.com,benign
https://docs.google.com/forms/d/e/1faipqlscx9gwnadc7vjo11mxlbu3abqrrqvpowjmnj1zneqpjayle3g/formresponse,mal
https://area.wthelpdesk.com,mal
http://allfaberlic.weebly.com,mal
https://www.schcontario.ca,benign
http://lielli333.co.cc,mal
http://00net.fr,phishing
http://liquidationdelest.com,benign
http://elcentropal.org/youth-programs.html,benign
http://link.keizaireport.com/public_secter.php,benign
http://www.mdstraining.com.au,benign
http://lub-supply.com,phishing
http://www.dolomitirisarcimenti.com,benign
https://msugalapagos.wordpress.com/2013/05/21/night-sky-near-the-equator,benign
http://tinnhanh24gio.com,phishing
http://bclfreestyle.com,phishing
http://ws341.com,benign
http://provodi.com,phishing
http://adibdbchb.co.cc,mal
https://postandcourier.ticketleap.com,benign
http://portal-c.pw/xctytp,mal
http://andy-yon.com,benign
http://www.tutmacli.com/zunhdwvc,mal
http://www.britishgas.co,phishing
https://weather-online.hopto.org,mal
http://wcdalarms.com,phishing
http://installatiebedrijfpeter.nl,benign
https://fuerza.pl,benign
https://www.smart-kiddo.com/share/smartkiddo-tuitionfees-zh.pdf,benign
http://efsec.net/ohanz/panelnew/gate.php,mal
http://instantfollow.info,phishing
http://hooda55.ddns.net,mal
http://total-auto-service-sharaku.com/engineoil2.html,benign
http://www.squawpeakreporters.com,benign
https://aloeboutique.wordpress.com/curiosidades-aloe,benign
http://www.northcountrycommunityradio.org,benign
https://merkinekreves.varena.lm.lt/sauliai/dokumentai/karo%20topografija_02.pdf,benign
http://mhxxxccdmufk.pw,mal
http://bahamasbaby.com,phishing
http://southofsohoboutique.com,phishing
http://catherineduret.ch/5qpqi5ezp,mal
http://mobiletest.me/blog,benign
http://drdoganaykurkcu.com,mal
http://kuangfenxian.com/hfvg623,mal
http://ran.no-ip.biz,mal
http://cnps.cv,phishing
http://hivnd.com,mal
http://otg.client.jp,benign
http://codem.club,phishing
https://www.originalmarketdiner.com,benign
https://leave.attsystemsgroup.com,benign
http://ignitionwater.com,phishing
http://walesprovinceone.org,phishing
http://officeapps-live.org,mal
http://www.bonsaicentrum.cz,benign
http://www.johnlilburne.org,benign
https://cottesloeecosystem.wordpress.com,benign
http://hiveapps.co/byt4g3,mal
http://a71df3ff4654.net,mal
http://localnetlisting.com,phishing
http://promotionalmaterial.info/q,mal
https://www.cobanweddings.com,benign
http://www.brettlhupfer-online.de/kurpfaelzisch-deutsch.html,benign
http://kurou.bokunenjin.com/0h6br33,mal
http://dy.wlkge.com,mal
http://mssa.org/index.php/mt-sinai-harbor,benign
https://www.kokolores-aus-der-kiste.de/2014/06/02/wunderbare-enkel-de-eine-tolle-seite-speziell-f%C3%BCr-gro%C3%9Feltern-und-enkel,benign
http://www.ueno-hien.jp/kodawari,benign
http://reggy.ru/counter,mal
http://duzip.com/config/dreamconf/serverlist.asp,mal
https://script.google.com/macros/s/akfycbxxx5dhr0f8ayhludjnp7kgnelq6g27j4c_jwwx1p1ndfzh6ino/exec,mal
http://netflixvirtualreality.com,phishing
https://www.carolinesschool-of-motoring.co.uk,benign
http://hot-promos.com/comics.html,benign
http://bgfloralandevents.com,benign
http://cbaluarte.com,phishing
http://zarasresort.com/knby545,mal
http://staytechnology.com,benign
http://www.snypr.com,benign
http://www.nicosdogvillage.com,benign
http://lombardimobili.it/byt4g3,mal
http://psykkon.dk,benign
http://www.joeseymour.net/2009/04/setting-datacontext-of-popup-or.html,benign
http://luv2trav.com,benign
http://jonahkanewest.com/kane-west-organ-trio,benign
http://quoteyourfreight.com,benign
http://redwell-goettingen.de,benign
http://www.simpogroup.com/contact.php,benign
http://armana.no,benign
http://flvshbvng.com,phishing
http://jwdn.net/aff73832dy_281_5414.exe,mal
http://pko-lublin-watykanska-7.gogps.pl,benign
http://eyeic.top,benign
http://usatba-krm.dn.ua,benign
http://tech-mark.co/9xflayfr,mal
http://ewamspqwha.ws,mal
http://meity.gov.in/sites/upload_files/dit/files/policy_on_adoption_of_oss.pdf,benign
http://rimiller.com/08yhrf3,mal
http://steamcommunnitty.ru,phishing
http://www.atlantaautospa.com,benign
http://5ecb5bd88e54.net,mal
http://update-flashs.com,mal
http://sickness-pet.com/body6.html,benign
http://www.idahoanad.org/images/device_lidy.asp,mal
http://bbs.ccdog.net/pictures/sbsb_0620.24.jpg,mal
http://www.lightingdesigncollaborative.com,benign
http://shopingplan.com,mal
http://www.aquaconserve.com,benign
http://lanecustomhearing.com/scripts/dr2017,phishing
http://dgwjx.cn,phishing
http://luxorstudio.com,benign
http://seidel-fachhandel.com,benign
http://jica-go-jp.biz,mal
http://ryrszs.com/4g3vg334,mal
http://dojo-peyrache-ista.aikidoepa.com/index.html,benign
https://nuuskaaja.com/pussinuuskat,benign
http://44f290cd0854.net,mal
https://www.icfeci.com/computer-cell-phone-forensics,benign
http://seymictrading.com/aceengineeringsupplies,benign
http://cd3aa6ce4754.net,mal
http://roman64.humlak.cz/7bnisgf,mal
http://ninthdistrict.org/0h6br33,mal
http://zzt231.cocolog-nifty.com/blog/2010/01/robocopy-69b7.html,benign
http://thunderboltfire.org,benign
http://dhpmanufacturing.com,benign
http://www.barvy-malovani.cz/detsky-pokoj,benign
http://www.pthire.co.uk/contract-hire.php,benign
http://tauto.foodmate.net,benign
https://monasterol.wordpress.com/kontak-kami/daftar-alamat-toko-trubus,benign
http://www.thomas-wischnewski.de,benign
http://www.mrp.cz/downloads/demo/windows/zaklad/mrpzaklad.exe,benign
http://www.stodesign.com,benign
http://bbs.ccdog.net/pictures/20150120-hex.32.jpg,mal
http://www.vanhollebeke-verwarming.be/jobs/index.html,benign
http://habibshomecooking.com,phishing
http://anoixtosxoleio.weebly.com/epsilonrhoomegatau942sigmaepsiloniotasigmaf---alphapialphanutau942sigmaepsiloniotasigmaf-tauetasigmaf-iotasigmatauomicronrho943alphasigmaf-epsilon900tau940xietasigmaf.html,benign
https://jnotario.webs.ull.es/csca/general/faqs.htm,benign
http://alexanderthalstead.com,benign
http://www.armeriaeskola.eus,benign
http://gameshopvn.com,phishing
http://62f7c677f9d4.com,mal
http://br-interiors.com,phishing
https://www.tsjb-shop.de,benign
http://oncologiahgg.com.br,phishing
http://kawarthametals.net,phishing
http://www.sarahbeaton.com,benign
http://ns2.wheatherserviceapi.info,mal
http://kunvitchurch.org,benign
https://bop.utah.gov,benign
https://scddiet.wordpress.com/2008/01/13/scd-yogurt-just-do-it,benign
http://livenationsustainability.com,benign
http://88145618e9d4.com,mal
http://www.moulinderosmadec.de/fr.html,benign
https://ragecage.com/index.php,benign
http://boombook.us,phishing
http://www.jessicaconner.com,benign
http://asdream.pl/gbbs1c,mal
http://www.insytslandscaping.com,benign
http://yama-club.com,benign
http://jianhu365.com/z9puqdj2eu,mal
http://www.glutax-ori.com/l9woon,mal
http://mariammacghey.xyz,mal
https://intranet.primeit.pt,benign
http://www.phcafe-factory.com.tw/page1.php,benign
http://steamcommunltty.ru,phishing
http://www.nags-head.com/the-farmers-daughter.html,benign
http://js.nster.net/00/12/69.js,mal
https://peoplestuff-uk.com,benign
http://jwdn.net/aff53955dy_281_5414.exe,mal
http://frbizyd.co.cc,mal
http://foxriverpreserveapartments.com,benign
https://ayahmuthia.wordpress.com/2011/10/08/head-dan-capacity-pompa,benign
http://dl.wokxn.com,benign
http://www.micentinela.com,benign
http://ampalosabrigos.weebly.com,mal
http://biggatorauction.com,phishing
http://googledriver.net,mal
http://www.datarecoveryinchennai.in/administrator/templates/bluestork/upadat_info,phishing
http://www.din-laasesmed.dk,benign
http://www.jasoninfo.org,mal
http://thesheepdogcafe.com,phishing
http://lyricon.garage99.net,benign
http://www.antintl.com,benign
http://down.qqfarmer.com.cn/qqhelper_1463.exe,mal
http://www.stone.mypop3.org,mal
http://supplierportal.ffr.com/welcome.aspx,benign
http://seniorshare.net/seniorsnetpeople/seniorpeoplemeet/seniorpeoplemeet/v3/confirm_your_identity.html,phishing
http://qljjpowqqhwx.space,mal
http://free4key.com,mal
http://www.smilesbywes.com,benign
http://crackmac.org,mal
http://chilimasala.kvartersmenyn.se,benign
http://paypal-customer-services.com,phishing
http://majidfathalibeygi.com,mal
http://bikweb.com,mal
http://i.googlex.me,mal
http://schumacher-holzundzaun.de,benign
http://jwdn.net/aff62759dy_281_5414.exe,mal
http://www.t2t.com.br,benign
http://www.ah-noswendel-wadern.de,benign
http://ns2.windowkernel.com,mal
http://klamatheyecenter.yourmd.com,benign
http://www.danestane.blogfa.com,benign
http://formacos.org,mal
https://mail.wabash.net,benign
http://g2cteknoloji.com/nr8e7,mal
http://buhleni.co.za/images/intel.exe,mal
https://langues-plurielles.fr,benign
http://mschmid-gmbh.de,benign
http://www.hillsidewellness.org,benign
http://xsso.yahoooooomail.com,mal
http://renoise.ir,phishing
https://szkolakw.edupage.org,benign
http://proprog.xyz,phishing
http://skin.sareeo.clothing,phishing
https://karmin.ch/ebnf/index,benign
http://lascofittings.cf/888/micro/dicvfl.exe,mal
https://www.safetyforlife.com.au,benign
http://bisniggapanco.duckdns.org,mal
http://sjcrack.com,mal
http://wanderviews.com,phishing
http://soldatw.ddns.net,mal
http://moncleroutlets.cn,phishing
http://s3.amazonaws.com/installcapital/161206/s5mark_setup_aid96tid344.exe,mal
http://onlinesoft.space,mal
http://twinrealty.com/vworker/k/index.php,mal
http://lalaughka.weebly.com/kwentong-barbero.html,benign
http://bhjqhmmebqfm.space,mal
http://tasaki-sax.link,benign
https://www.iforex.it,benign
http://deltaclub.org/byt4g3,mal
http://studiobraggio.com,benign
http://jwdn.net/aff88565dy_281_5414.exe,mal
http://www.informationarchitected.com/resources/notable-quotes/albert-einstein-defining-the-problem,benign
https://tankgutschein.falkenreifen.at,benign
http://cheriton-bishop.cylex-uk.co.uk/company/devon-bonsai-19218371.html,benign
http://softologicsb.com/download/$tug4qjlsag5hjd41,mal
http://daunenjackewiemoncler.co,phishing
https://secure.knoxpeds.com,benign
http://ed330812ded4.com,mal
http://osaka-teizanbassyo.jp,phishing
http://rek-style.ru/g3r7ewc,mal
http://reddeertaxpayers.ca,benign
http://pssnyttltvvw.space,mal
http://fontaneriayreformasmolano.es,phishing
https://callaghancougars.wordpress.com,benign
http://juthcpbefvuv.pw,mal
http://afobal.cl/snow/config.jpg,mal
http://www.whatareyouafearof.com,benign
http://mcircc.umich.edu,benign
http://www.essentiallycomplete.net/endoflex-for-endocrine-system-support.html,benign
http://77-72-150-241.colo.transip.net/-kempi/ctools/zougen/b_account/58279e43a3ff32686/sessionid442ca5a6a85c7b2a7523b991b4855a16/sign_in.php,phishing
http://tt32.xyz,benign
http://soicau247.me,phishing
http://svcangel.com/w0m57ljwfi,mal
http://castlepinesrealtor.com,phishing
http://bluesian.weebly.com/the-lottery.html,benign
http://salirdedeuda.com,phishing
http://dfnm5s01nep3s.cloudfront.net/isrc/reoptimizer.exe,mal
http://odomdaterra.net,phishing
http://nakaya.hp4u.jp,benign
http://www.shimogaito-clinic.com/medical.html,benign
http://christianlouboutinshoesuk.top,phishing
http://mail.socialsecurity.com,benign
http://crackingpatching.com/wp-content/themes/brickyard-premium/css/pie/pie.php,mal
https://www.conceptasia.jp/about/profile,benign
http://rgservice.dk/hsch9ggo,mal
http://nolimitsradiotchat.club,phishing
http://www.p2motion.com,benign
http://www.wripa.org/types-of-probate-proceedings.html,benign
http://paypal.fr.us.cgi.bin.webscr.login.dipatch.submit.cmd.danamystl.com,phishing
https://aminetn.wordpress.com/2009/12/07/pencucian-luka-wound-cleansing,benign
http://velesspb.net,phishing
http://bemamuhendislik.com,phishing
http://computeranleitung.de,phishing
http://catermark.pl,benign
http://www.uzura.or.jp/union,benign
http://mildredbarya.com/a-visit-to-harriet-tubmans-grave,benign
http://acupunctureunsalted.com,phishing
http://support.progsupdate.com,mal
https://mujeresenigualdad.wordpress.com/talleres/talleres-2016,benign
http://commbank-login.info,phishing
https://www.millenniumresidencesukhumvit.com,benign
http://www.ancientcoins.ca/ric/ric1/ric1_nero_1-200.htm,benign
http://vjumamel.com/bcnv8324,mal
http://webstatistic.ws,mal
http://www.support.fca.pcl.co.uk,benign
https://signinsupport.com/hotmail-sign-in-hotmail-login,phishing
http://jqwp.org,mal
http://www.hanyuda-ss.co.jp/technology/laser.html,benign
http://www.gpmmachining.com,benign
http://danang.dulichovietnam.net,mal
https://ocdf.no/pk-og-dansefolket,benign
http://piksellat.com,mal
http://www.antique-miyagawa.com,benign
https://framarootappdownload.net/framaroot-1.9.4.apk,mal
https://cdpp.cnes.fr/fr,benign
http://holdstory.com,mal
http://vanaken.nu/4g3vg334,mal
http://server51.webgo24.de,benign
https://michaelpalm.com,benign
http://gietinger.de/category/bucher,benign
http://sportandplay.net,phishing
http://www.ecoroll.ru,benign
http://www.rossmanniautokool.ee,benign
http://softologicsb.com/download/$geqvbja3zumjviky,mal
http://www.iebotox.com,benign
https://dotcomsecrets.wordpress.com/2008/11/20/russell-brunson-is-a-scam,benign
https://ingramparkmall.fullslate.com,benign
http://pulimoottilonline.com,phishing
http://forqueray.com,benign
http://www.ist-e-next.net/merchant-services/no-credit-check-merchant-accounts.html,benign
http://majesticimmo.com/hfvg623,mal
http://copper.osdn.jp,benign
http://www.iweiboclub.com/jgymxjkydu,mal
https://www.ctmadvisory.com/faq-new-bcar-model,benign
https://hiyedang.schm.co.kr,benign
http://taroshokudou.net,phishing
http://ejlion.com,phishing
http://electrosux.com,phishing
http://2233bdb12554.net,mal
http://www.olyone.com,mal
http://ns1.eservicesystems.net,mal
http://d1w4lp7kic29jz.cloudfront.net/mag/brastub6abb_trmbl_inst.exe,mal
http://brjmkwrbjoyo.space,mal
https://okinawa.beach-line.jp/archives/206.html,benign
https://priorita.com.br,mal
http://www.robregionijmegen.nl,benign
http://idevice-login.com,phishing
https://pls.scienze.unipd.it/pls,benign
http://www.sekizuka.co.jp/service.html,benign
http://housmanfarms.com,benign
http://hidakakiko.sakura.ne.jp,benign
http://www.spiralforhealing.com/p/what-is-spiral-healing.html,benign
http://utilmall.com/bbs/ad_90/aosoe.exe,mal
http://www.myg-rec.com,benign
http://magneting.cn/product/product128.html,mal
http://oamentyga.duckdns.org,mal
http://morgoclass.com,mal
http://148.ns1631262.info,mal
http://chriswork999.ddns.net,mal
http://sagad.it/shdltwfb,mal
http://podubraniem.pl/counter,mal
http://kcimagesplus.com,phishing
http://getmyapp.org/login,benign
http://trexfx.com,phishing
http://ptnewstart.com/ol7z9hgiby,mal
http://moanas.xyz,mal
http://drivsnfosproduits.info,mal
http://likuidator.com,phishing
http://sandiegoblindandshade.com/r9wqc4zte,mal
http://sign-in-to-my-gmail.com/gmail-sign-in/gmail-sign-in-outlook,phishing
http://www.fiorenzapaes.com.br,mal
http://www.huntemann-software.de,benign
http://tghx.net,mal
http://ctldl.microsoftupdate.qhigh.com,mal
http://pprn.pl/wp-content/uploads/2016/04/pbot1.gif,mal
http://narxozz.duckdns.org,mal
http://company.air-condition.com.tw,benign
http://curepark.nl,benign
http://down.kiss58.org/svh0st.exe,mal
http://laurelevergreenphotography.com,phishing
http://xn--z69apju47cyzj.net,benign
http://www.bureaudebiteurenbeheer.nl,mal
http://www.afimar.biz,phishing
http://www.flamencomt.com,benign
http://www.histogeo.fr,benign
http://eastasianwellbeing.com/services/cupping,benign
http://ddl7.data.hu/get/0/9699917/ups_versandschein_5329.zip,mal
http://euronetitalia.it,mal
http://www.captureddreams.com.au,phishing
http://solmachine.cl/74t3nf4gv4,mal
http://ytgrvvyxirro.pw,mal
http://73657a.com,phishing
http://st666.net,phishing
http://cloud-kingl.com,mal
http://briefl.ink/qhtma,mal
http://virajkalyani.com,phishing
http://mas.goaapis.com/overseaads/admin,mal
https://delifile.link,mal
http://awarenessacademy.co,phishing
http://rcabaj.com.pl/ytz7k,mal
http://it.replicarolexyachtmaster.com,phishing
https://ymyk.wordpress.com/2011/07/29/bootcamp%E4%B8%8A%E3%81%AEwindows%E3%81%A7%E3%80%81%E5%8D%8A%E8%A7%92%E5%85%A8%E8%A7%92%E3%81%AE%E5%88%87%E3%82%8A%E6%9B%BF%E3%81%88,benign
https://beachesgrillandpatio.foodpages.ca,benign
http://imagewatches.org,phishing
http://www.eye-watch.in/design/fancybox/pnf.action,mal
https://www.aprendizaje-experiencial.org/asociacion,benign
https://baalquis.wordpress.com/2007/11/29/les-marees-selon-newton,benign
http://www.jointfuji.com/catalog/fuji_toyota.pdf,benign
http://richsystem.info,phishing
http://batux.com.br/counter,mal
http://wastedrubbishremoval.com.au,phishing
http://cvhumanitariantravel.com,phishing
https://ascottvillageshop.co.uk,benign
http://taxkoba.net,phishing
http://www.feron.org/eric,benign
http://lamescan.ru/files/lamescan3.zip,mal
http://afamilypatchwork.com,phishing
http://www.diazlawyers.com,benign
http://www.amazonlogistics.jp,phishing
http://spotsbill.com,mal
https://ace-online.en.softonic.com,benign
http://wbksis.com/0bgsvtr3,mal
https://jardimdoagreste.blogspot.com,benign
http://help.inter-ctrip.com,mal
http://hotelandtravelphotography.com,benign
http://www.espacodosol.com,phishing
http://page.kds.com/rs/kds/images/success-story-leoni-implemente-la-solution-voyages-d-affaires-et-notes-de-frais-kds.pdf,benign
http://www.aosenmusic.com,benign
http://bbs.ccdog.net/pictures/20150120-hex.64.jpg,mal
http://meuplanoa.com,mal
http://www.tipucrack.com,mal
https://t3.propreports.com/login.php,benign
http://www.vidcampaign.com/zxc678,mal
http://aaa.stage.6388479.support.maccaffe.com,mal
https://goapple.appleexpress.com/neworder.aspx,benign
http://corenlp-xml-library.readthedocs.io/en/latest/dependencies.html,benign
http://www.lambmanagement.com/success-stories.asp,benign
http://diafocam.be,benign
http://www.musicofnewbraunfels.com/p/live-music-calendar.html,benign
https://book-accounts.en.softonic.com,benign
http://ws.osenilo.com/zxc678,mal
http://fueldust.compress.to,mal
http://bada3b1dba54.net,mal
http://mpclidlxcpmq.space,mal
http://bip.centrum.gov.pl,benign
http://traxbin.com,mal
http://www.cyclomar.fr/asp/liste.asp,benign
http://boxerhaven.org/.51y6akm,mal
https://www.primalcustompro.com/sitefinity/login.aspx,benign
http://hakolbeseder.com,phishing
http://www.nsck.co.jp/profile/index.html,benign
http://www.mlfny.cn,benign
http://vi-firmware.openxcplatform.com/en/master/compile/example-builds.html,benign
http://www.creditalmanac.com/finance/12/home-equity-lines-of-credit,benign
http://opwalls.com,mal
http://679699.com,phishing
http://www.tardjz.com,benign
https://book.fcmonline.in,benign
http://rhpxpbihxiyr.pw,mal
http://b03f513c3e54.net,mal
http://www.cosyfoodcorner-denhaag.nl,benign
http://www.technissimo.co.jp,benign
http://mold09.com,benign
http://buurtverenigingmeeroevers.nl/wp/interview-met-een-wijkagent,benign
http://combiencoutemonsite.com,phishing
https://www.batstrading.com/account,benign
http://53041ddc7a54.net,mal
https://www.usedtireshop.net,benign
http://ratondownload.net,mal
http://www.courtneyshore.com,phishing
http://promosalons-hongkong.com/hongkongdollar/sex141-hong-kong,benign
https://pivotband.bandcamp.com,benign
http://rikiy.jp/report/web/20080120.html,benign
http://www.chiiroba.net/matsudafamily/christian/gogumagogu.htm,phishing
http://www.sklep.meblowy.agata.pl,benign
http://jonasrapp.innofactor.se,benign
http://lf9qd6lu.gmz.cc,mal
http://docuprepit.com,mal
http://39819716e3d4.com,mal
http://testserver.noip.me,mal
http://ysxy.hzvtc.net.cn,benign
http://zebra.bdoncloud.com,mal
http://prmiramar.com/g3r7ewc,mal
https://www.fuss-boden.de,benign
http://a1ab02055954.net,mal
http://chamilo-lms.readthedocs.io/en/latest/readme.html,benign
http://u-niwon.com/kmjg6j9ske,mal
https://elitesporthorse.com,benign
http://p-g-a.org/knby545,mal
http://mcduck.org,mal
http://rinehartgroup.ucsd.edu,benign
https://cleanup.icp.doe.gov/ics/ic_report.pdf,benign
http://nikakudo.com/index.html,benign
https://ateliersavenirecolo.wordpress.com/2015/11/24/calendrier-de-lavent-des-bonnes-actions,benign
http://martin-schaab.de,benign
http://0476byc.com,benign
http://martinpaulphotography.com.au,phishing
http://ecpsmeerut.in,benign
http://www.hsky.com.tw/menu/b.html,benign
http://cr-inos.com/lzwiz3d,mal
http://forum.boltiot.com,benign
http://upcheck.duckdns.org,mal
http://www.xn--butiktvsystrar-rib.se/gallery_10.html,benign
http://delta-spinners.com,phishing
http://hbtsoft.com/demo/panel/gate.php,mal
http://zhzy999.net,mal
http://utilmall.com/bbs/ad_90/kslle.exe,mal
http://b04c63e9f354.net,mal
https://jyukyo.net,benign
http://mgtgift.com,mal
http://www.perlabaltyku.rehabilitacjawpolsce.pl,benign
http://wirelessdd.com/cnod0,mal
http://www.medizin-zentrum-lintorf.de,benign
http://hotelqom.ir,benign
http://orfu.govern-soft.hu/news.php,benign
http://www.t2l-54.fr,benign
http://nonrbbdiihue.net,mal
http://help.wendns.com/show.aspx,benign
http://www.ganchion.com,benign
https://download.damieng.com/dotnet/linqtosqlcheatsheet.pdf,benign
http://donattelli.com,mal
http://camilleoconnell.website,mal
http://3q-tw.com,phishing
http://zioos.com,phishing
http://trainwithtag.com,benign
http://bbnjvnojiudo.ru,mal
http://pursuitinvestments.com,phishing
http://trustkemi.duckdns.org,mal
http://digital1.50webs.com/byt4g3,mal
http://beachbreak.com/beachbreak/hk7mqlgs,mal
http://fujgfvdupwfk.space,mal
http://www.baoonhd.vn/api/get.php,mal
https://sashabell.bandcamp.com,benign
http://www.landbee-shop.com,benign
http://s7fbd0cb939dd959b.jimcontent.com/download/version/1316684621/module/5452149317/name/schuleigener%20arbeitsplan%20deutsch.pdf,benign
http://www.phycosens.com,benign
http://easyware.co.cc,mal
http://democracyou.com,phishing
http://my-watches.pro,phishing
http://www.aliexpress-romania.ro,phishing
http://pacificjudo.com/don-montero,benign
http://ewubo.net/qvodsetupplus5824434_238_50276.exe,mal
http://sciezkirozwoju.pl/nordic-walking,benign
http://nekonokotatsu.hatenablog.com/entry/2015/07/24/115536,benign
http://er147964.letthemeatcakoid.ru,mal
http://shikiteppan.cocolog-nifty.com/blog/cat40076653/index.html,benign
http://tkane.net/wiki.cgi,benign
https://probuild-elkader-ia.hub.biz,benign
http://www.idsketch.com/manuals-printing.asp,benign
http://www.it-treffpunkt.de,benign
https://www.reddit.com/r/me_irl,benign
http://umnjnoojleve.pw,mal
http://www.grindstudio.com/about/tokushou.html,benign
http://www.katrinalogan.com,benign
http://www.blohairstudio.co.uk,benign
https://www.jarcpa.com,benign
http://themoviehometheather.com/content/faq.php,mal
http://xjslrfyh.co.cc,mal
http://drareum.com/byt4g3,mal
http://asrcargo.ru/08yhrf3,mal
http://www.bswwrrg.vic.gov.au,benign
http://christinasmith.com.au,phishing
http://xn--hastabakc-2pbb.net/leicd,mal
http://dawaphoto.co.kr/software/hanaphoto.exe,mal
http://www.elrincondemimascota.es/jaulas-casilleros.html,benign
http://2aflorida.org,phishing
http://purinn44.alink7.uic.to,benign
https://dnevnenovine.rs,benign
http://sdgirlscouts-camp.atsondemand.com,benign
http://globalad1.com,phishing
http://zbynekpavlicek.cz/index.php,benign
https://tropangpraning.wordpress.com/2008/12/01/surot-or-bed-bug,benign
http://dudujutu.com,mal
http://18bcb6f48e54.net,mal
http://wyfeeder.com,benign
http://www.galerie-idees.fr/byt4g3,mal
http://bridgelink.tv,benign
http://058e56a9bdd4.com,mal
http://ijdee.com,benign
http://www.3caminos.es,benign
http://cms.coreblo.com,benign
https://livenudebooks.wordpress.com,benign
http://iaprog.nl/zxc678,mal
http://wightwickhall.staffs.sch.uk/about/curriculum,benign
http://sinjydtrv.com,mal
https://www.maledomchat.com,benign
https://shiorihikita.wordpress.com/2012/10/03/the-advantages-and-disadvantages-of-saving-psd-and-jpeg-files,benign
http://aniketmalandkar.com,phishing
https://www.christiantravelplanners.com/tours.html,benign
http://admin.aasinc.ca,benign
http://epgoalkeeping.com,phishing
http://majenekab.go.id/v2/html/index.php,mal
http://www.dsi.aimplas.es,benign
http://www.ssexports.org.in,benign
http://tarot-sunce.com,mal
http://mbsonlinesvc.mbs5.de,mal
https://voyageurspermanents.wordpress.com/2012/06/21/tout-nu-a-istanbul-3ieme-partie,benign
http://60bbf7a63054.net,mal
http://www.dirksimons.com,benign
http://fafadis.com/counter,mal
http://fjredwtiskqy.pk,mal
https://www.treasurydirect.gov/govt/reports/pd/histdebt/histdebt_histo5.htm,benign
https://docs.google.com/forms/d/e/1faipqlsdcde7lteiqv5mw3up8hgcy5ngkiknlkoe0ypfrid4_9qyq9a/formresponse,mal
http://wasmachine-reinigen.nl/vetluis-wasmachine,benign
http://ns1.cachevideo.online,mal
http://www.taniwawood.com/index.html,benign
http://www.msphvet.com,benign
http://treasures4sharing.com,phishing
http://interline-asia.com,phishing
http://natscosmetiques.com,phishing
http://acb5974a6e54.net,mal
http://viscarci.com/wyqs6353,mal
http://maccrack.net,mal
http://www.mg-i.de,benign
http://paronleather.com/08yhrf3,mal
http://besterwatch.co,phishing
